Customer_ID,Sign_Up_Date,Last_Active_Date,Subscription_Plan,Support_Tickets,Monthly_Purchases,Total_Spend,Engagement_Score,Churn
cb93dd9c-5e36-47cf-8822-14082c33bd33,2024-02-15,2025-06-28,Basic,2,5,2123.68,59.86,0
cbedc928-69a9-4407-9685-9696684adaee,2023-08-14,2025-06-28,Premium,2,2,3238.71,41.41,0
876e0eca-e94e-4f7a-b148-3aa44f88ee63,2024-06-15,2025-06-28,Standard,5,3,2955.84,95.79,1
14b3827a-c59f-435d-80a5-43269fbca270,2024-04-22,2025-06-28,Standard,2,4,3387.9,54.11,0
3d7d1951-275a-47ed-8af4-b912472e2f78,2023-07-31,2025-06-28,Basic,0,2,1680.77,60.51,1
6dd974a2-2a98-4d6a-94b4-22dbdcb991c5,2024-05-11,2025-06-28,Basic,3,2,3007.9,22.05,1
d593c855-74b3-4fad-ab0c-ec0e4b08bfb7,2024-06-04,2025-06-28,Basic,2,2,4660.51,62.57,0
1277660e-9c54-475d-a6c2-6fb8ed8bed3e,2023-07-05,2025-06-28,Premium,3,5,2702.18,57.16,0
5093342b-305f-4f5b-a072-8ed2e8ae64fc,2024-06-18,2025-06-28,Standard,1,3,3659.8,18.48,0
3bf4bb6b-7222-4f55-9c35-05915b9de31c,2024-03-13,2025-06-28,Standard,8,2,3652.81,5.96,1
297e105b-a24d-4ae5-aabe-31e195e33e39,2024-05-13,2025-06-28,Basic,1,4,3692.16,60.44,0
f0cfdcc4-22c5-4029-ac90-a5c57b778def,2023-11-22,2025-06-28,Premium,2,7,3133.33,76.37,1
e7705a26-88d2-4079-88b9-4735dcf27ce0,2023-09-14,2025-06-28,Premium,2,1,3452.87,52.34,0
fd8e9eb5-7293-4b9b-abe7-4d898817d865,2024-03-18,2025-06-28,Basic,0,7,3559.21,22.68,1
b080c8c0-b012-4514-8d2a-0a994c8536ee,2024-02-20,2025-06-28,Basic,3,3,3508.36,66.65,0
48c67095-95fd-4145-90fd-d09b84ccc040,2024-04-01,2025-06-28,Basic,4,1,2106.07,8.01,1
1e0fad36-6729-481a-8c17-9ff62d303da2,2023-10-18,2025-06-28,Basic,0,2,1634.09,44.18,1
ccd4b459-03db-4a2b-898e-5ecc5d824a8c,2024-01-24,2025-06-28,Standard,0,1,1757.13,16.34,1
69f59e7f-9178-4f35-a328-70b093f81ad0,2024-02-21,2025-06-28,Standard,3,4,2783.87,18.45,0
eb0cb64b-4de9-45a4-8a60-6cfead19e7a0,2024-05-13,2025-06-28,Basic,0,3,3475.14,20.23,1
7ee64561-d310-4edc-8aac-33af80b53292,2023-10-24,2025-06-28,Standard,0,2,2116.47,38.67,1
2711b129-058b-4348-ba8e-e112db5a94b6,2023-09-23,2025-06-28,Basic,1,1,3739.18,5.12,1
4a44aab4-755a-4aa3-8991-3fb299c4c35e,2023-10-19,2025-06-28,Basic,1,2,2598.18,39.78,0
d9f97c12-6f13-4368-8548-118b7864a82d,2023-12-15,2025-06-28,Basic,2,3,2605.8,51.17,0
02cb4f93-2bd8-4de4-9321-c3b7d3ef603e,2024-05-15,2025-06-28,Standard,2,3,2331.11,48.33,0
492b9922-83ef-482c-a891-0395443b66b0,2023-11-20,2025-06-28,Standard,2,1,1492.17,38.28,0
f7ad97bb-6230-41d6-b99a-d0bb6d35d8aa,2023-10-14,2025-06-28,Basic,2,7,3183.45,83.91,0
51249760-27a2-4008-9239-b75b21ddd1a6,2023-09-26,2025-06-28,Standard,2,2,4370.13,14.53,1
c43865e9-d595-4776-9c03-bd47234a7ea9,2023-11-28,2025-06-28,Standard,1,3,2949.87,50.57,0
a30d7f7d-6fc5-4bcd-8b85-edf1d5fe11bd,2024-06-11,2025-06-28,Basic,1,4,1519.49,6.2,1
b8feb17d-b7af-4b24-920d-e748aba0f0d2,2024-03-08,2025-06-28,Standard,0,3,3624.27,7.12,1
51b4af6c-ad09-4ca1-b15b-4f5db4b4ec1d,2023-10-05,2025-06-28,Basic,0,6,1700.16,57.39,0
412c1074-4eaf-4486-bffa-7e8412cb0e4b,2023-11-11,2025-06-28,Basic,0,5,2032.77,56.6,1
27c30e10-24e3-4543-a905-38d8f10b5da1,2024-01-13,2025-06-28,Premium,0,2,2809.33,87.8,1
27b4a154-f015-433b-8b13-ae09662e3c4a,2024-04-26,2025-06-28,Premium,1,1,3098.27,55.79,0
8f2641d6-afdc-4195-8595-cb0f53f1cc77,2023-11-20,2025-06-28,Premium,2,5,2193.07,95.98,0
2f701a8c-64c3-494a-99e3-8bd8f387a978,2023-08-09,2025-06-28,Basic,1,3,2778.15,4.87,0
833d58eb-25f5-480f-8a03-13c5dff58161,2023-11-25,2025-06-28,Basic,0,5,3572.13,9.8,1
16a09567-cd16-4c0b-a8c8-98d6e883a264,2024-06-09,2025-06-28,Standard,0,1,3681.74,4.41,0
20ddece1-90bd-4b10-bfe0-252681b0b9f5,2023-11-18,2025-06-28,Standard,0,3,4001.17,18.53,1
f5b1438d-b46b-4c2d-9598-e2ebc3a9f640,2024-06-14,2025-06-28,Basic,1,3,4527.53,54.13,1
c4e78025-1e6d-4df4-a809-ac9c1b70ec56,2023-11-15,2025-06-28,Standard,0,3,3647.91,64.56,0
6ae11b72-8b42-43f9-96eb-fc1a8b9b0572,2023-10-06,2025-06-28,Basic,0,2,2826.61,4.56,1
0efb4f43-05d5-44c2-ab44-e8ddc0d0515c,2024-02-16,2025-06-28,Premium,1,1,3687.45,94.6,0
29720832-81d5-4fc4-8152-52da3c53b095,2023-08-12,2025-06-28,Basic,1,4,3373.37,84.22,1
338195cb-c31e-4dad-bf04-af4dc0d1bf18,2024-03-14,2025-06-28,Standard,1,1,3405.09,29.66,1
f176ddb4-e7c4-41a1-ae64-7eb5481e0335,2023-12-16,2025-06-28,Basic,2,7,3141.78,7.72,1
28ffaa47-77c6-46bb-aa56-2394766b7d5d,2023-12-19,2025-06-28,Standard,2,2,2270.36,16.99,1
976b9805-1032-4cbd-876f-d93a123c60da,2024-04-30,2025-06-28,Standard,2,3,2177.52,12.69,0
1373a0dd-4ae5-4b6b-b618-48a9071b5009,2023-08-21,2025-06-28,Basic,0,3,2922.31,12.33,1
be282f31-02b3-4d89-8d2c-fdedb7078a02,2023-08-01,2025-06-28,Premium,0,6,3119.13,51.86,0
6d650d99-882f-4b46-8fd2-6ce885c08427,2024-05-22,2025-06-28,Standard,1,2,2456.45,24.58,1
deb3af35-fea6-401c-bd92-a1880794eea7,2023-09-05,2025-06-28,Premium,2,1,3338.67,35.81,0
a029e964-ddb5-464c-b77f-ccbee73751db,2024-04-07,2025-06-28,Premium,1,5,4664.61,98.95,0
df627fec-1a75-4c52-a293-72cf24af9e80,2024-03-29,2025-06-28,Standard,1,2,1604.54,68.43,1
a226bc42-979a-40e0-b408-d9987ae07e4d,2024-04-05,2025-06-28,Premium,3,6,3465.8,94.9,0
5f1985f7-c70d-4934-b601-664731adf33a,2024-05-15,2025-06-28,Basic,2,3,2947.22,14.26,1
7feaaefe-0cb8-4c52-9448-3879622b4bcf,2024-01-23,2025-06-28,Basic,1,4,3360.52,38.21,0
4118875d-09f7-4ccb-a98d-fa9d5af22d8d,2024-05-11,2025-06-28,Basic,0,2,2655.43,55.47,0
ac8342af-bf62-4db0-90ab-badcc1aadd1f,2023-11-26,2025-06-28,Basic,1,0,2883.15,7.68,0
4da32123-e80f-42e6-aadf-c27807f0b05a,2023-11-02,2025-06-28,Basic,1,3,3103.6,0.42,1
81df8993-4d22-40ac-b5a1-44169dc78e9b,2023-10-04,2025-06-28,Basic,4,5,2758.69,67.04,0
d996dfbe-7194-4785-980a-d23d8fd21a46,2024-03-06,2025-06-28,Premium,0,3,1783.57,64.18,1
64c00373-ec09-4d46-862d-e674c10c2431,2023-11-21,2025-06-28,Basic,3,2,2812.87,41.08,1
5f7456c8-08a8-4747-a416-e172c2441592,2023-11-30,2025-06-28,Basic,0,3,1866.85,48.96,0
436e8673-72b3-44c2-a59c-f09a97c75143,2024-01-05,2025-06-28,Standard,1,3,3522.55,41.54,0
a9c61ad5-942d-4431-bfc5-70d81485063d,2023-12-28,2025-06-28,Basic,2,2,1507.56,2.4,1
776eaec6-4f45-48f3-bb9f-c9a75e5c40f8,2024-05-31,2025-06-28,Premium,2,2,3822.92,33.54,0
1ffa9e45-1f4e-4bc9-8e8c-a43745a76ffc,2023-10-16,2025-06-28,Basic,0,3,3343.65,17.71,1
793f5296-41c1-41ac-b300-7b4f9b688e42,2023-07-17,2025-06-28,Premium,0,2,3346.71,9.84,0
c19e12d9-07e6-44a5-adcc-5bae01baf97d,2023-07-30,2025-06-28,Standard,1,1,1268.55,95.67,0
909bb4f3-9a5c-4acc-a538-e391da021dc8,2023-08-28,2025-06-28,Basic,0,2,2737.12,59.94,0
041f51a5-e1ea-40bb-85d9-17f433804591,2024-02-08,2025-06-28,Basic,1,4,3922.85,72.87,0
4f3ddf4c-e79a-4ea9-850d-52785f643653,2024-05-28,2025-06-28,Premium,1,4,2585.11,31.54,1
7c692ee2-0258-4fc6-961c-f0575dc880e6,2024-06-20,2025-06-28,Standard,1,4,2137.55,39.31,0
5b66e114-63c6-473b-934c-30daef95dd58,2024-03-26,2025-06-28,Standard,1,3,2490.66,23.69,1
dcc68a97-67e7-40c8-ad57-4ab827ee3103,2023-10-13,2025-06-28,Standard,4,3,2945.38,9.7,1
e0101e51-932a-40d0-b568-e1cfe9fa8064,2023-08-31,2025-06-28,Basic,0,1,2318.9,17.9,0
246a9c2e-2763-4160-a155-7111dea2c8b5,2024-05-19,2025-06-28,Basic,3,4,3987.05,79.75,0
8dbd7165-3a46-4da6-a6a4-21782eaec907,2023-08-14,2025-06-28,Basic,1,2,2948.27,67.75,0
fac1f7b7-5657-4a8b-9cef-73c94fa8842f,2023-08-15,2025-06-28,Premium,0,2,2555.54,54.69,0
0e92ca0a-5dc8-45f5-9e65-dead7f3ab51a,2023-07-26,2025-06-28,Standard,1,2,1958.93,47.51,0
fbdb7f43-ff9e-4c73-b850-7b3269ac90de,2023-08-14,2025-06-28,Basic,1,6,3387.56,92.24,0
85423560-2468-49d2-978d-75a5436de749,2024-04-19,2025-06-28,Basic,0,1,3369.33,7.27,1
d7f894da-3546-4beb-a07d-65e3c477a22b,2023-09-11,2025-06-28,Basic,1,2,2366.23,28.06,1
e72a3c6e-b1f2-45cd-b20c-57f2b1a857b3,2023-11-02,2025-06-28,Basic,1,2,1210.94,34.99,0
f79a5f2f-598b-4700-a3ad-eb00e8d351a5,2024-03-12,2025-06-28,Standard,2,2,3328.61,78.24,0
4cc62dfa-13c3-4613-8d08-88411543f6c3,2023-07-30,2025-06-28,Standard,1,5,2850.56,99.25,0
9ac9fce8-110f-4030-af11-38fecf858492,2023-07-12,2025-06-28,Premium,0,3,3268.86,24.07,0
62f79c48-1924-4531-9a49-79f94d4bd696,2023-07-30,2025-06-28,Standard,3,1,4565.74,87.43,0
6f3422ec-76fd-4df9-aebc-47c6af9c4a21,2024-01-12,2025-06-28,Basic,3,3,2978.53,83.06,0
ac5fb640-b867-4a66-b1fa-ee4658c7c8d0,2023-12-11,2025-06-28,Standard,1,5,2588.93,22.47,0
463c5eda-318d-4ce7-bd56-9e0a7c1b9cfb,2024-04-14,2025-06-28,Standard,3,4,2082.14,39.93,0
a09d93d9-ea3f-4cde-8d64-7c28f0a41ae1,2023-09-15,2025-06-28,Standard,2,4,2750.06,40.97,0
4b5a24fd-83d1-4f92-b232-e685ef5fad59,2024-05-26,2025-06-28,Standard,0,5,3128.46,97.82,0
e53eb053-812a-4e58-911f-23256288153b,2023-09-08,2025-06-28,Standard,3,2,3042.65,18.09,0
4a5ce1a4-636e-4670-bd06-8607a9778e23,2023-08-11,2025-06-28,Standard,1,3,4378.77,79.92,0
6d4d081a-2f13-48c7-b5e2-67103301dc01,2023-12-29,2025-06-28,Standard,0,2,3399.27,33.42,0
4ef9f58b-1db7-4a3e-9ff0-83f378caf56e,2023-08-27,2025-06-28,Basic,0,8,2892.16,73.09,0
30e46d3f-feb3-40c8-a4b5-63b445aed3ab,2023-12-22,2025-06-28,Basic,3,3,2434.75,42.0,0
28e77421-5190-4c92-a675-924bf2867866,2023-07-28,2025-06-28,Basic,3,4,3213.34,57.84,1
7b250677-5471-4834-9823-1da66c0fc24c,2024-06-27,2025-06-28,Standard,1,5,2274.39,83.26,0
d5b45d7e-ce2f-473f-9648-3bb5af0e7799,2023-12-01,2025-06-28,Basic,2,4,3143.86,80.42,0
267d7ffd-4556-4038-b4dc-e2b63415127c,2024-01-04,2025-06-28,Standard,1,3,3389.93,86.64,0
9499792c-2446-47b8-a80a-d67d079f1802,2024-03-25,2025-06-28,Premium,1,3,2826.84,5.96,0
c4b85cd1-ee5c-45f6-b138-ede922f2a5fb,2023-12-22,2025-06-28,Basic,2,1,2495.77,69.21,0
07741f4a-ba9a-4496-84e8-af593325f24f,2024-03-30,2025-06-28,Standard,2,4,1251.76,14.0,0
c191305a-67f6-4369-a4d8-90ed71888b50,2024-04-25,2025-06-28,Standard,0,4,3915.07,41.58,1
ab1ecc83-b5ae-4a43-b997-7532b3ef33b8,2024-05-10,2025-06-28,Basic,4,3,3322.64,54.86,0
400b028a-9292-4d13-bc3c-01d8064b0129,2024-05-23,2025-06-28,Basic,0,2,3342.09,40.27,0
9ce6ca55-0575-4db6-999b-98263699ca7b,2024-01-02,2025-06-28,Basic,1,5,1750.92,51.96,0
d1d81a0d-84fd-442e-8749-1f32e324370f,2023-07-18,2025-06-28,Basic,1,1,4103.87,99.65,0
c8228c43-620d-4b0e-8162-bbc374dfdbc1,2023-09-23,2025-06-28,Premium,3,7,2627.83,13.52,0
62af6beb-1846-4264-bb28-9c76f23224a4,2024-01-05,2025-06-28,Premium,1,3,2768.96,67.55,0
48c6929a-bcfc-4b3a-a122-7a582d56b1ba,2023-08-08,2025-06-28,Standard,1,4,2144.57,39.6,0
9f5bf30e-a51e-418a-91d8-48c8df69682f,2023-11-03,2025-06-28,Premium,2,2,1570.44,13.3,0
a1b50713-939c-4731-8ee7-56680df693a4,2024-01-11,2025-06-28,Premium,1,0,3925.88,15.87,0
c338cfaf-647a-44ee-b540-852049dfe073,2024-02-22,2025-06-28,Basic,3,4,4029.28,94.93,0
10676ff4-11d9-4d21-9617-91db693112a0,2023-10-02,2025-06-28,Premium,1,3,2867.58,87.96,0
09c6983b-35ae-48e8-87d4-1c59957f2939,2023-09-19,2025-06-28,Standard,0,4,2456.49,90.7,0
5ca1410b-0a08-481f-9785-9de35bc4834a,2023-11-19,2025-06-28,Premium,2,3,2698.36,99.15,0
ed544354-cea2-4a44-b1a1-58ab8f3ae69b,2023-08-27,2025-06-28,Premium,2,1,2720.31,20.83,1
880df358-5d21-4f62-959f-1634fdd8d11c,2023-09-25,2025-06-28,Basic,2,0,2040.11,35.54,0
f4d15cd1-d069-4845-94e0-1624fedda1c9,2024-03-07,2025-06-28,Basic,0,3,2766.2,66.92,0
747e2716-e44f-4007-a861-1ccf544dbff1,2023-08-04,2025-06-28,Basic,5,2,3122.48,48.38,0
ec2bbe6b-8ad0-4c76-b047-acf8f2cbfbc2,2023-11-03,2025-06-28,Standard,0,6,3814.53,41.84,1
4b83b07e-cade-4341-a232-579cfe1e080c,2024-06-02,2025-06-28,Premium,2,2,3011.4,35.78,0
76ce3874-9044-4594-a506-2da322389ea5,2023-09-02,2025-06-28,Premium,4,4,1738.92,59.38,1
921de31b-2992-49cf-966a-1e34889e1567,2024-06-03,2025-06-28,Basic,2,3,3282.84,57.56,1
c1249b89-9a0a-448c-878a-62bde78fa9b4,2024-02-23,2025-06-28,Standard,4,7,2795.26,16.15,0
3186ff8c-fcf3-4c4f-9488-7332dfbe2b60,2024-03-27,2025-06-28,Standard,0,5,4096.33,47.17,0
7fcfe19c-a2a3-4ad4-b5ca-eda8bb93c374,2023-08-02,2025-06-28,Basic,2,4,4143.57,55.35,0
a3221e25-5ced-4033-bf07-d7dc60b8f3ca,2023-08-23,2025-06-28,Basic,1,1,4171.56,57.03,0
8641120f-c248-4175-b7cc-1c2bde3041da,2023-09-30,2025-06-28,Basic,2,6,2550.73,21.01,1
daf7c864-6be4-4b46-b53c-d4871e38297a,2023-07-29,2025-06-28,Premium,2,1,4591.88,74.23,1
cfd132cc-cfd5-4cfd-9580-f7657e1a50e1,2023-12-11,2025-06-28,Basic,1,2,3280.75,2.52,0
dd3eebb3-03a2-46d8-add0-6a965dc15f5f,2023-09-11,2025-06-28,Standard,0,1,4301.1,35.48,0
a69e3a06-0a64-4780-8639-f737d2d44623,2023-11-08,2025-06-28,Standard,0,3,2597.9,78.02,0
e663e446-edd1-4e30-adaa-c0fd8cb0dddb,2023-10-23,2025-06-28,Basic,1,2,2761.12,56.39,0
a099cc20-9228-4050-95bf-01dae81c2dca,2024-03-25,2025-06-28,Premium,2,1,3219.22,26.12,0
08931f03-d1ae-4618-bc92-28b8bcd2ebd6,2024-03-06,2025-06-28,Premium,1,0,3121.5,69.5,0
0911dbb6-40bf-4fe9-8cbb-fcb5c1c054d3,2023-12-12,2025-06-28,Basic,1,1,4003.85,56.74,0
07678edf-92be-470d-b0d6-d7c9a9187c65,2023-11-24,2025-06-28,Standard,1,1,2814.3,79.62,0
ac0922fb-5105-4e48-928e-a4a137336419,2024-04-17,2025-06-28,Basic,1,5,3931.69,73.5,1
dd50116d-81a5-499f-bbfa-2faf35813ef8,2024-04-25,2025-06-28,Basic,3,2,3585.79,61.01,0
d808e4a6-1b81-44cb-a9e5-6eab352834c9,2024-02-28,2025-06-28,Basic,1,6,2829.29,48.82,1
6d49acab-3827-4a99-a72e-c02dc012b111,2024-03-12,2025-06-28,Standard,1,2,3523.74,13.32,1
b1235e36-3929-4a3e-9c5a-96242f79f674,2024-03-18,2025-06-28,Standard,0,5,2621.39,26.13,0
3aa0c2ae-dc32-4cf5-9796-c733d9e8b3b1,2023-11-23,2025-06-28,Basic,0,2,4880.16,41.91,0
a266af39-70e1-41f4-a9dd-3079dfaaf25e,2023-11-23,2025-06-28,Basic,2,1,868.53,59.93,0
acb099a2-c59f-497d-bd5f-c8888225a21a,2024-02-09,2025-06-28,Premium,2,1,3538.35,51.37,0
a0e27ede-0c31-43dd-bf02-19797ec131f1,2023-09-06,2025-06-28,Basic,1,2,1588.32,28.82,0
7bf17fee-33d6-4e80-9261-1466c2a64f06,2024-03-07,2025-06-28,Basic,1,3,2819.47,0.65,1
949bff0b-e865-4a2c-be75-918bee70a808,2024-03-04,2025-06-28,Standard,0,2,2931.51,49.62,0
88be8879-d55e-4682-930b-c927c3371e6f,2023-08-04,2025-06-28,Premium,3,1,4206.11,28.56,1
26d5e8e3-9d76-47f9-a63d-9231d4f98db6,2024-01-22,2025-06-28,Basic,2,5,2446.28,73.46,0
9d2e3ef2-5f04-4832-8a78-855b2e247a10,2023-11-14,2025-06-28,Standard,0,5,4046.41,2.39,0
984e1495-ff4f-48e2-a977-5cdddeddd573,2024-05-16,2025-06-28,Standard,2,2,2056.95,58.48,1
149d5e72-7a93-409b-8e5e-5c6b04fa2c6b,2023-08-01,2025-06-28,Basic,0,1,4077.34,94.15,0
71f3c5d5-7100-4278-b21c-e5ae58cc3d1a,2024-05-31,2025-06-28,Standard,1,3,2620.52,17.44,1
f883ec70-d21d-4d2b-bab2-d1553ae5ed2f,2023-07-19,2025-06-28,Basic,0,0,3058.75,47.16,0
a049aeaf-2dcd-40da-baac-cfad83b25fa1,2023-11-26,2025-06-28,Standard,0,2,2730.9,9.14,1
de55373d-d5d7-4a52-828d-47c2ccafb8aa,2023-11-30,2025-06-28,Standard,1,6,4025.89,62.57,0
75b765bd-eb24-449e-843f-16526086500f,2023-09-04,2025-06-28,Standard,1,7,3870.19,55.05,1
be7596e3-5a9e-4217-b5cf-ca087938c572,2023-07-17,2025-06-28,Basic,0,3,3354.8,40.74,0
0db72b7f-5bb1-4fe3-a72a-ea4c7d270d19,2023-09-26,2025-06-28,Premium,1,3,2078.51,52.14,1
8251b719-4437-4f87-b65e-8dd2b63f9a36,2023-08-08,2025-06-28,Basic,3,3,2427.98,89.66,0
096d883a-49c3-47ee-bfae-ce050c460f28,2023-07-22,2025-06-28,Basic,0,1,2177.14,19.63,1
1ef1f133-5304-47c7-8935-173a84ce1cd7,2024-06-21,2025-06-28,Basic,2,3,1201.49,2.26,0
a419f209-39af-4002-8c06-bb9acb92838e,2023-10-10,2025-06-28,Standard,0,4,4009.05,86.17,0
485ca481-0678-4de7-9d7e-06ebbacc096f,2023-11-14,2025-06-28,Standard,0,4,2737.74,57.71,0
621fb0cc-330c-443a-94f9-e2ef1455ac57,2023-11-12,2025-06-28,Basic,0,1,2729.2,89.07,0
8b9ce5c8-b044-459a-8411-98681d8a642c,2023-11-27,2025-06-28,Standard,0,3,4196.88,59.69,0
9a60c20b-0769-415b-8ac6-8149b344abde,2023-12-23,2025-06-28,Basic,2,0,2619.21,81.02,0
32fedba0-9c3d-4fa6-b61b-e84a8a156f01,2023-10-28,2025-06-28,Standard,2,2,2327.62,42.97,0
43409829-36f3-4015-a440-2ea8367c9f72,2023-12-02,2025-06-28,Basic,2,4,2820.2,74.99,0
9c562ed7-958c-430c-a097-69e3cd834f4e,2024-01-08,2025-06-28,Standard,2,6,2093.86,91.3,1
edb1e56e-e1bd-4e33-9f3d-ccc7dacb6061,2023-10-10,2025-06-28,Basic,1,3,3275.48,57.21,0
6458742f-2ed2-43ae-b40d-7f1c8816adad,2024-01-20,2025-06-28,Premium,2,2,2701.07,18.08,1
300cfc16-6cea-4657-b813-8b78e680e396,2024-04-27,2025-06-28,Basic,4,4,2594.18,26.88,1
2122a1bc-eaa9-41d6-9566-c346b48a5d08,2023-11-09,2025-06-28,Basic,0,2,2524.88,19.86,1
2b007583-06d6-4341-a777-296211902762,2023-11-01,2025-06-28,Basic,1,4,2915.02,24.69,1
94e6aa1a-e944-4b51-a139-4be8d48a0aac,2024-02-24,2025-06-28,Premium,1,2,3066.78,30.64,0
b259bd40-bbb6-40ee-b0a5-792f1d2bc4f0,2023-11-10,2025-06-28,Premium,0,6,2584.02,55.51,1
a5913cc5-5aa3-40dc-9d55-de500ef4c3bc,2023-10-06,2025-06-28,Basic,3,2,2712.99,58.8,0
dabe122c-d969-42d0-bcea-04c6170148af,2023-09-21,2025-06-28,Standard,1,0,2934.78,42.65,0
b0d01c23-e1b1-4c8d-8b0c-426acadce8cd,2024-01-24,2025-06-28,Premium,1,5,2854.07,61.54,0
f8584aba-3366-42f4-9a37-9ecf45ed8e2e,2023-12-26,2025-06-28,Standard,1,3,3024.86,8.16,0
bcc52ce4-279b-4f1f-9dd2-929735747cf3,2024-03-14,2025-06-28,Standard,3,2,2458.66,8.78,0
5a872257-5e73-4a81-acdd-f38b7ba14bf9,2023-11-01,2025-06-28,Basic,0,5,3803.67,17.18,0
a19aea17-f20a-4248-adb2-65dd36512623,2024-04-05,2025-06-28,Basic,0,4,3077.46,51.81,0
f355fd3e-f93e-4110-be78-1b903c1bc632,2024-06-11,2025-06-28,Premium,4,4,2596.92,21.4,1
fa2688e8-9af2-4e65-82f7-d641267ca803,2023-07-02,2025-06-28,Premium,0,7,3275.51,28.33,0
53a16e15-7c2c-43ac-82bb-6fee52d741fc,2024-01-26,2025-06-28,Standard,2,2,2940.51,40.03,0
06f1228e-f68f-47a5-ada3-a51ffe4ca158,2023-07-07,2025-06-28,Basic,1,2,1612.94,81.19,0
721f15d6-a740-43e5-84d0-c62f0aba0c9f,2024-04-27,2025-06-28,Basic,0,5,3272.76,1.39,1
d7b77183-a1ec-4e04-a4d0-e8b5bc62292b,2024-02-21,2025-06-28,Standard,1,4,2184.4,64.94,0
422757a9-e8d2-4fd4-a14c-539e875435cf,2024-03-08,2025-06-28,Premium,1,3,3747.54,66.89,0
10ffefe1-9511-4cd3-beae-d8b986d39fb6,2024-05-04,2025-06-28,Premium,1,2,2806.6,79.87,0
0290f6f1-1ead-4393-83ae-a91bb1da5ac5,2023-07-21,2025-06-28,Standard,2,4,3624.06,93.28,1
63caa5fc-59e6-427e-a7f9-806f27ceb936,2023-12-04,2025-06-28,Standard,2,4,2495.83,2.01,0
b0eb51a0-64ea-4b56-bf7f-fd55e0f6b563,2024-03-03,2025-06-28,Basic,2,5,3055.94,15.38,1
9749d02d-acb4-4474-a47d-131cac59c91b,2024-05-16,2025-06-28,Basic,0,1,3968.19,88.62,1
4df53cf4-1505-4bcd-b626-3c3c9a0856ed,2024-04-04,2025-06-28,Premium,1,2,2784.79,45.85,0
779c610b-9859-4f47-8831-9329017f655d,2024-04-23,2025-06-28,Standard,0,1,2527.35,56.46,0
75e15bed-aba1-44ae-b599-63bfc3444c19,2024-03-25,2025-06-28,Basic,2,4,3524.03,66.3,0
f2b89956-6a16-41b8-8213-929a0f00671d,2024-03-11,2025-06-28,Basic,1,1,3508.53,67.91,0
f7eee1d2-553a-4ca0-a41b-2cfa9821b359,2023-10-23,2025-06-28,Standard,0,3,2561.0,93.17,0
95753e30-25a2-42cb-b37a-dbdcb750551b,2023-08-08,2025-06-28,Basic,3,1,1411.63,99.69,0
cae72238-d694-4d80-90b3-cbc0687e9211,2023-07-10,2025-06-28,Basic,1,2,2511.98,72.02,0
10e5d2e8-7ab5-4d9a-b02c-b89995f6069e,2023-12-05,2025-06-28,Standard,2,5,3541.89,28.72,0
3a093de2-036d-4028-b67a-1548d2d45ad4,2023-11-06,2025-06-28,Standard,1,4,2379.97,87.98,0
5d2f6b79-37f2-4cbb-8838-f65840d192e0,2023-11-05,2025-06-28,Standard,0,3,2991.25,4.92,1
76a55bfc-e0ed-4d49-99d8-9672ea91265d,2023-11-26,2025-06-28,Basic,1,3,2474.01,23.11,0
9380024f-a129-40c8-81d4-88d6036346ee,2023-09-30,2025-06-28,Standard,2,5,1454.27,89.74,1
776d07a1-94b0-4e37-8815-1047dfd49af2,2024-04-10,2025-06-28,Basic,4,3,2459.62,25.62,1
2d4b91f8-6a6d-4f9e-b32b-ba899aa82224,2023-07-17,2025-06-28,Basic,2,2,3538.51,22.07,1
1532df11-6668-4371-ba8a-c2b504aafaa5,2024-02-12,2025-06-28,Standard,1,1,1103.8,13.81,0
25659461-d5c3-46a9-b30d-4a9a3bd35564,2024-01-26,2025-06-28,Standard,2,2,3201.73,85.91,1
38fc3450-0df8-4b7e-a7d2-4cf1c1ced12d,2023-08-01,2025-06-28,Premium,2,1,2051.14,50.01,0
ad3766a8-3d00-425a-b4de-9ddf0ad35c12,2024-01-14,2025-06-28,Standard,2,2,3486.75,67.49,0
d560e386-5952-4c7e-858b-152cde892c2e,2024-02-05,2025-06-28,Standard,1,1,3571.46,23.91,1
3750e81a-14ed-4c7b-a9f3-376eab55dbce,2024-02-26,2025-06-28,Basic,6,3,2862.44,75.8,1
1cb56457-4753-4a97-9dff-b4e49c2114ed,2023-08-27,2025-06-28,Basic,1,3,2864.27,76.0,0
fff3a71d-2256-42e9-9f8a-b0f13b6a2cb7,2023-11-02,2025-06-28,Basic,1,6,2354.91,31.26,0
34a9a409-d54f-44b9-98f1-e0d41dc44001,2024-06-24,2025-06-28,Basic,0,5,1923.53,41.07,0
09d0b545-24bc-4bb6-ac7e-8f91d0425cec,2024-06-13,2025-06-28,Premium,0,6,4358.47,20.97,1
b49bdc9c-5e9c-4c1b-b48f-16fe712ab818,2023-09-29,2025-06-28,Basic,2,1,2307.94,97.66,0
9e483499-1d6f-4a88-9e43-834978657a09,2023-10-17,2025-06-28,Premium,0,2,4254.24,64.56,0
bbbd872a-54cf-41d4-90c7-62940044a969,2024-02-01,2025-06-28,Standard,1,4,2312.4,93.45,1
31c2bfea-8168-4035-b96b-f573985b7e4f,2023-11-10,2025-06-28,Standard,2,2,3420.15,30.34,1
dea25070-974b-4d22-be93-3521aba5d561,2023-10-03,2025-06-28,Standard,2,1,2089.75,78.19,0
27982c45-7f6f-4538-8509-197afecd34f4,2023-07-05,2025-06-28,Standard,0,4,3418.72,76.59,0
893d6e52-10d4-4ed4-8dcd-63912f3c0903,2024-06-26,2025-06-28,Standard,1,4,2739.53,69.17,1
e15f2ae0-f1be-40be-963d-16c625840fcb,2024-03-31,2025-06-28,Basic,5,1,2749.99,96.56,0
7d5ddfc3-76de-490b-802c-9c4a8feea485,2023-07-05,2025-06-28,Standard,2,4,3488.02,39.36,0
5e8007e0-9690-45bb-ba06-a9e3c98019e5,2023-07-26,2025-06-28,Basic,4,3,2624.69,13.07,1
49deac22-c4a0-458b-ba9b-d81012636b1d,2023-07-16,2025-06-28,Basic,2,1,1857.48,67.17,0
ce70935b-5ecf-4023-b013-9773e591bf81,2024-01-01,2025-06-28,Standard,0,2,3609.04,72.93,1
f662af70-7a5c-42e5-b848-8f7695a6f76c,2023-11-07,2025-06-28,Basic,1,1,2083.28,57.51,1
8a895e46-1b1b-4bcb-b5d1-2caa612b43fb,2023-07-04,2025-06-28,Premium,1,2,3413.21,20.68,1
d8d68ad2-182a-4d30-b3e4-4215f455a5e8,2023-12-23,2025-06-28,Premium,0,2,3778.4,50.45,0
c63683b7-a6c3-4c17-9b6c-12602f6c9112,2024-01-13,2025-06-28,Premium,0,3,2699.6,31.22,1
fbc4d394-9559-4ae4-9807-ae18eefa6e56,2023-11-01,2025-06-28,Basic,2,4,3945.88,42.75,1
ad58c91a-7f4a-42d3-9692-f03988fb6761,2024-01-18,2025-06-28,Basic,1,4,3385.43,64.52,0
f191fd5f-3aa4-470f-991d-7502a62bb655,2023-10-27,2025-06-28,Premium,2,0,2443.31,74.52,0
06a0dd2f-c50f-4165-9ccb-9ec5ae89ed6a,2024-02-23,2025-06-28,Standard,3,3,4121.14,23.22,1
7d934aee-b3d5-40a6-a8f4-33080864d4fd,2023-11-12,2025-06-28,Premium,1,0,2086.66,40.53,0
70814b91-2c44-4810-807e-2b4bd02e3d6a,2024-04-06,2025-06-28,Premium,2,3,2698.64,26.92,1
25a9b6e4-1f37-41d3-8cd6-b9cdf2dc44fa,2023-08-03,2025-06-28,Premium,2,1,2834.95,19.86,1
45b11862-a9d4-435d-9eb7-353983083ac6,2024-05-15,2025-06-28,Basic,1,4,3484.18,78.34,0
307318db-eb5e-4d22-8f63-c71e2ee466ff,2023-10-04,2025-06-28,Basic,0,5,3892.35,90.93,0
2bfaf4ed-ba5d-429f-9d35-4aed40273778,2023-10-10,2025-06-28,Premium,0,1,3842.23,37.02,0
db8e0257-9d09-4ac8-ac2a-b97d5eb3e319,2024-01-16,2025-06-28,Basic,2,3,3179.0,75.13,0
91131e6f-eb76-43a7-98e7-e1b0bbcd06f9,2024-01-30,2025-06-28,Basic,4,3,2775.78,89.7,1
c168754a-1f43-4844-bd74-65319d558402,2023-12-03,2025-06-28,Standard,2,3,1539.21,84.61,0
282a27a8-5b75-4b84-a732-640fa454f5c7,2023-11-11,2025-06-28,Premium,0,2,1948.68,18.28,1
d2305636-492f-4e9a-81d4-2ae6b9136b82,2024-02-27,2025-06-28,Standard,1,3,4413.32,95.63,0
594507a0-807f-4d4c-aadf-c2c8d19f1577,2024-01-27,2025-06-28,Standard,1,3,1531.14,37.67,0
99f356e8-79b0-4d6b-b886-788e62010d03,2024-02-13,2025-06-28,Basic,2,4,2372.41,33.92,0
df6aa0f2-697c-4e1a-9a9c-9f3fbec44dfb,2024-04-03,2025-06-28,Standard,2,3,3915.69,6.24,0
109da62c-8d28-41d0-8dd2-401c9ef4878b,2024-02-15,2025-06-28,Premium,5,1,3167.77,48.62,0
d7a8562e-b63c-4191-97c5-97e6d808c263,2024-04-02,2025-06-28,Basic,0,2,3742.44,10.9,0
839b9f9f-1735-4daa-bbfd-18c11439973d,2024-06-12,2025-06-28,Standard,1,4,3434.26,24.85,1
490e3358-f5d0-437f-bf55-2dafea1fef10,2023-08-28,2025-06-28,Premium,1,1,4175.67,31.69,0
da270829-da57-41f5-adb3-849d07943105,2024-03-21,2025-06-28,Standard,1,4,3236.34,80.88,0
581f4387-6727-46fe-996c-08cb4d43fed5,2023-10-04,2025-06-28,Standard,0,2,3530.76,87.55,0
7376ac47-54c8-4d57-91c7-018e0a25e422,2024-02-28,2025-06-28,Standard,1,1,2420.6,30.25,0
c7d5627c-5ce2-4bbd-8e6a-7bef740d34d8,2023-12-30,2025-06-28,Basic,2,5,3469.07,85.87,0
bdf97730-19e8-43e8-b674-a3a094266848,2024-04-06,2025-06-28,Basic,2,6,2683.1,85.72,0
91e090f4-2e99-402f-bbba-b0de15dd887b,2024-05-30,2025-06-28,Premium,2,1,2637.52,76.47,0
af3c0fad-47a9-4929-8aa2-7a450bc06cc5,2024-05-18,2025-06-28,Premium,6,7,3715.78,14.67,1
49693b9f-f867-4b15-949c-c71ec44528b2,2024-04-18,2025-06-28,Premium,3,4,3721.3,69.03,0
ae016d79-7bfd-43a5-9d69-0deedaade0d0,2023-12-23,2025-06-28,Premium,0,3,4350.75,94.5,0
e9a7fe4a-2eb2-4d47-a764-cf1075640ee1,2023-11-21,2025-06-28,Standard,2,3,4298.61,68.25,0
74ff2f35-be6c-4f06-a2c4-6169014bec94,2023-10-03,2025-06-28,Standard,1,0,3733.85,33.16,0
cb7caeda-3c7b-43e9-a044-1d5698ed5af6,2023-11-19,2025-06-28,Standard,2,3,1623.64,50.06,0
60176c3c-2b08-4e2e-aeca-235eaa7e00d6,2023-08-23,2025-06-28,Standard,3,3,4462.14,64.57,0
495c31f3-5595-4a9f-8d17-b8b31e0f2bed,2023-12-29,2025-06-28,Standard,1,1,3734.37,51.06,0
48c2196d-4596-4850-9011-53e20211ac51,2023-11-11,2025-06-28,Standard,2,0,2387.31,12.0,1
122c4c17-4187-4b16-9fcb-153b7735c5b4,2024-03-27,2025-06-28,Premium,3,2,3583.13,31.21,0
da232afd-5fc9-40aa-9efb-176af3b6b683,2024-03-08,2025-06-28,Basic,3,4,2170.19,80.24,1
78b9c04e-7422-45ad-9bdd-fa66e0e15811,2023-11-05,2025-06-28,Basic,2,6,3494.9,86.14,1
50e5fbcb-efc9-4aa9-b108-f210139a5fd0,2023-12-11,2025-06-28,Basic,2,3,1946.98,13.73,0
7ac85200-e70f-4bfe-a3a5-224089deb0b4,2023-11-04,2025-06-28,Standard,1,3,2353.43,95.24,0
84e7528f-8ac8-4459-938b-99b6b4d410ca,2024-04-20,2025-06-28,Basic,0,2,3567.94,32.88,0
6e1cd116-87e7-488a-9662-2c06ea976b08,2023-12-15,2025-06-28,Standard,1,1,3858.31,66.23,1
7afaedc4-f759-4df2-8584-ed30be428054,2024-03-05,2025-06-28,Standard,1,0,3260.35,75.18,0
0188258e-de92-424a-bd82-415d30b7cfe6,2024-03-09,2025-06-28,Basic,4,2,2771.07,81.19,0
b71f0571-b342-4035-84b5-d7b41adb4a62,2023-08-04,2025-06-28,Standard,1,6,1308.11,94.57,0
23425009-75d8-4a47-afc4-794676596190,2024-02-02,2025-06-28,Basic,0,6,2832.78,31.29,1
d9dae996-c92c-4929-a776-a28874438352,2023-10-02,2025-06-28,Basic,1,3,3426.79,85.85,0
fd8f082d-9a4d-4579-bb83-f544e0accc1b,2024-03-12,2025-06-28,Premium,3,3,2746.59,13.17,0
adf3f30b-7e67-4e49-a3b6-e63e520e5cfd,2024-04-04,2025-06-28,Basic,2,2,2981.94,70.5,0
edb6e72e-fcbf-4f5c-b2d6-a6fd59061db5,2024-03-08,2025-06-28,Basic,0,5,2851.51,74.2,0
d107bcb5-c445-4255-b038-983ae5612d35,2023-09-15,2025-06-28,Standard,2,3,2742.64,67.77,0
652cad22-13f0-4147-a5c0-a5b2a7233b2b,2024-05-06,2025-06-28,Standard,0,2,3060.7,25.23,0
8c066d64-e147-44cc-9f87-f48f63cd6769,2023-08-24,2025-06-28,Basic,2,2,2781.84,87.3,0
6dd5b55f-eb86-4005-903a-6b2c6a9fa1fc,2024-03-24,2025-06-28,Standard,1,2,4154.63,16.89,1
7799608b-148b-4aed-8f53-83377fcb43c8,2023-09-03,2025-06-28,Basic,2,3,1234.86,5.36,1
1592c973-4c78-4127-bbec-f032316ed0aa,2024-01-12,2025-06-28,Basic,2,1,2563.33,71.75,0
1a0069dc-b9ca-4925-894d-fbce19044535,2023-11-14,2025-06-28,Standard,3,6,2303.8,47.55,0
7de09aac-d8a6-45e7-8594-53c2a64957a4,2024-06-13,2025-06-28,Standard,0,4,3175.29,84.91,0
71470dd9-0de4-4b41-9f96-f8f9dc9d5f80,2023-10-21,2025-06-28,Standard,0,6,3061.72,38.34,0
63e1cb0a-4f27-4489-9dfd-0fd95a6dbe0c,2024-04-17,2025-06-28,Standard,2,2,4297.75,16.83,1
608aa5e6-c22a-4ceb-8090-998a2fdb8425,2024-03-21,2025-06-28,Premium,2,5,4560.91,83.64,1
57ed7dd6-5237-468d-9891-3dfeba3bdf10,2023-07-28,2025-06-28,Standard,5,2,2381.53,54.89,0
dcdbf92e-8d29-48b7-bde0-e278129a112e,2023-09-10,2025-06-28,Basic,0,3,3000.4,18.92,1
53021f7b-1940-43d7-a508-8acd2b2663f0,2023-11-21,2025-06-28,Standard,0,6,3157.04,72.04,0
e1d27310-3714-4780-957a-bc0c9e68b0b1,2023-08-18,2025-06-28,Basic,3,6,2361.75,51.11,0
273c08c8-65a1-483e-aa9c-2ece9ca3f7a4,2023-10-14,2025-06-28,Standard,0,5,3502.71,60.43,1
227bd745-1f93-4dad-b24c-ecbbf6a64a7f,2024-01-01,2025-06-28,Basic,0,4,2808.39,46.09,0
9c3b3bbe-80c6-40f4-b438-e4ea60dea5b0,2023-10-02,2025-06-28,Basic,2,3,2145.89,82.87,0
f466ce7c-69fc-4f1e-857e-ebdea029fe89,2024-03-20,2025-06-28,Premium,1,1,2776.35,82.96,1
7e749610-2671-43cc-be91-f1aa41c39d54,2024-03-20,2025-06-28,Premium,1,4,2201.86,70.94,0
443e90c7-9126-412c-9856-fd1328f3e697,2023-08-11,2025-06-28,Standard,2,3,3829.32,10.54,1
899e0ecb-390e-43ff-a98d-74b2f1d69c2f,2023-08-24,2025-06-28,Standard,0,4,4521.25,83.89,1
b4b6ddd2-32d4-40ca-8aa8-ab7b74bba5b5,2024-04-19,2025-06-28,Basic,0,2,3195.86,67.1,0
010f0cfc-f987-443e-b5bf-acefcf036e11,2023-09-07,2025-06-28,Basic,1,2,3089.02,69.7,0
22056f65-29d5-41d9-93e1-420d23d8b946,2024-02-28,2025-06-28,Basic,1,4,3121.95,36.3,0
59005eff-abce-44b5-8b41-e1a647f698be,2024-05-20,2025-06-28,Standard,3,4,3945.79,87.93,0
a40f8e7f-3b8c-4a38-ae63-18d45a9ef9d7,2023-12-12,2025-06-28,Standard,1,1,3928.56,72.54,1
a4693b8a-8291-41cb-afb6-e3488f2dd558,2024-05-30,2025-06-28,Standard,2,2,2907.48,11.26,1
106e500b-fa04-4338-b60b-8dfa14edc795,2023-12-01,2025-06-28,Basic,2,4,3202.07,40.78,0
342c24e5-19c0-4924-801b-4860489f05ea,2023-11-05,2025-06-28,Premium,1,2,3522.12,88.64,0
2d7520f2-25ba-46a0-9db7-c49c6330ed7d,2024-03-10,2025-06-28,Standard,1,3,2089.85,4.72,0
6b9513c8-928a-4227-a665-233efd7ed4b8,2024-02-03,2025-06-28,Standard,0,5,3970.09,96.14,1
36dc03a5-a71d-49ae-948e-5bdfd545c180,2023-11-26,2025-06-28,Standard,1,2,4387.87,67.92,0
6d962081-a40c-427f-acd9-dff0341e2d15,2023-07-23,2025-06-28,Standard,0,2,3932.03,63.14,0
7f840e58-a49a-4323-9f5c-17923d6bf09f,2024-06-01,2025-06-28,Basic,1,2,2003.52,27.06,1
dac4a076-9193-4cd2-866e-859c757a7945,2023-11-06,2025-06-28,Basic,3,2,1424.0,24.88,0
45c69f69-4009-4c1d-9761-dda7fe709e89,2024-03-26,2025-06-28,Standard,0,4,3566.97,94.21,1
91eb3257-2cb1-480e-9074-033e6df1468e,2023-10-29,2025-06-28,Basic,0,2,2391.85,29.83,0
9def22e6-9449-43df-90b8-cef788777f97,2024-05-05,2025-06-28,Basic,2,2,3229.71,77.55,0
c0a7a995-46aa-4a06-b89f-e2469c16666f,2023-07-31,2025-06-28,Basic,1,3,4228.12,39.31,0
c384aca1-30e8-479d-b9fc-0b3a52bb18e6,2023-10-15,2025-06-28,Basic,4,2,2474.44,13.93,1
97b4ad97-69c4-48d6-ba4a-d2507a4737b8,2024-03-15,2025-06-28,Premium,2,2,2697.96,1.07,1
6108ec6b-70ee-4bc6-9149-bb5f5802441f,2024-06-13,2025-06-28,Standard,3,2,3221.38,54.43,0
b32f14f6-1c3d-4162-a2d4-122498911bea,2023-11-24,2025-06-28,Standard,3,5,1961.99,97.58,0
d1c82f04-0fc8-40f9-bf33-a8a834d60aa7,2023-11-11,2025-06-28,Basic,0,4,2393.72,36.91,0
3c1d42b3-b205-41e3-8815-8564671eaf1e,2024-06-27,2025-06-28,Standard,1,4,3019.89,35.72,0
1ccc4b71-8877-4c2e-9ef3-6f4443f0bfe2,2023-07-31,2025-06-28,Standard,1,4,2759.64,34.41,0
4cc12d3e-40da-4e4b-aa10-ee5f3835834d,2023-11-20,2025-06-28,Basic,2,4,3486.73,52.05,0
1891f8b7-4d19-4a81-a760-0bb40d0c0b35,2023-09-01,2025-06-28,Standard,3,4,5212.78,44.07,0
83f4f8b7-712a-4ed3-bb30-31d4d93a1d67,2024-02-25,2025-06-28,Basic,1,0,3079.31,87.99,0
2c9c9fe8-c5a1-4636-ad9b-380fa6745bb7,2023-07-05,2025-06-28,Standard,3,1,2326.63,50.55,0
e57c398a-83e9-407d-9a9d-55a721451099,2023-11-18,2025-06-28,Standard,1,4,4134.59,50.78,1
0f60a854-5a2f-432e-ae90-f6faf12eb832,2023-08-24,2025-06-28,Basic,0,1,1728.95,13.84,1
674f3707-9bee-4f22-8adb-79f8b080610b,2023-10-09,2025-06-28,Basic,1,4,1888.87,98.27,0
646a0ec1-28ff-4806-808f-0113bfdbd6bb,2024-05-20,2025-06-28,Standard,3,1,2523.92,25.0,1
dbcd165f-e858-4a31-a964-2a435690398c,2023-08-27,2025-06-28,Standard,1,2,2773.69,7.34,0
eb8c0157-bc2f-43a0-869f-04c7b9d29b71,2023-07-25,2025-06-28,Premium,1,2,2504.74,66.31,0
0e52cab3-a005-4b42-8cce-06884ed74a48,2023-09-19,2025-06-28,Standard,2,1,2974.79,59.54,0
ff469fca-b7a7-4210-9f31-3087ea5df2f3,2023-08-31,2025-06-28,Basic,4,4,3219.79,41.51,0
90197d8d-0b21-498b-ae37-d3521124f02e,2024-01-13,2025-06-28,Basic,1,7,3855.17,42.22,0
173ac59f-462f-4482-acd4-87cd85734e86,2024-05-10,2025-06-28,Standard,1,3,3072.95,78.51,0
faf2f162-3e97-4dcf-b999-c26a35a13d03,2023-11-08,2025-06-28,Basic,3,4,2550.44,19.57,1
8009b330-c99e-4174-9d3b-680856933aa8,2024-04-22,2025-06-28,Standard,2,5,3811.72,82.03,0
4293ba2c-1a6e-4bb1-8886-069a9bb6bff8,2024-02-28,2025-06-28,Premium,2,3,2345.83,64.87,1
096d4db4-b638-4fde-8b3f-4747612a2f77,2023-10-06,2025-06-28,Standard,2,2,1693.92,41.9,0
96725626-cda2-4596-9c71-028585209acf,2024-01-24,2025-06-28,Basic,2,3,3964.76,45.8,0
ab668224-b1bb-4cdf-a323-a462b19062a7,2023-12-22,2025-06-28,Standard,1,2,3913.48,25.66,1
e480a31f-d05d-4266-969e-4118407c653e,2024-03-30,2025-06-28,Standard,0,2,2366.16,75.21,0
5b492efd-552f-4e7b-8051-7f6329be1302,2024-05-23,2025-06-28,Standard,2,4,2680.72,51.29,0
48f23e82-95e5-4ade-8295-9300943a0e46,2023-07-15,2025-06-28,Premium,1,1,2266.46,32.09,0
89e4292a-cf4e-4521-a221-685d8fd23e8d,2023-08-05,2025-06-28,Basic,1,5,3261.3,59.61,0
4d5419e0-8a2b-438f-8bb4-49ba24a71bfb,2024-06-02,2025-06-28,Premium,2,2,4385.64,99.57,0
18d38588-dc30-47bb-8bd4-92536ac1ca7b,2023-10-16,2025-06-28,Premium,0,3,3562.31,43.53,0
b12fd6b9-eea5-43a2-ae8b-6888862d9608,2023-06-30,2025-06-28,Basic,0,6,3828.58,92.07,1
5bdabba7-86f3-4e2f-a75b-8a63da627337,2023-12-05,2025-06-28,Basic,1,3,3655.78,34.5,0
2ccd641d-26c7-4043-be22-de28cfd6a5e5,2024-01-18,2025-06-28,Basic,2,3,2999.9,5.47,1
0c491937-9c8c-4f13-906f-f7065bd3795b,2024-04-03,2025-06-28,Basic,2,7,3866.67,20.42,1
21c74165-6ade-4be3-9b21-006ff3acd945,2023-08-23,2025-06-28,Basic,0,3,3596.02,41.87,0
e6639d82-dfa8-4328-8a78-e297432725d3,2024-02-08,2025-06-28,Standard,0,1,4151.56,21.96,1
318ea1d4-152a-4729-971e-a15df1b5c799,2024-04-07,2025-06-28,Basic,3,0,2632.36,0.02,1
8dc5c15b-30b5-412c-b049-424dacdff175,2024-04-27,2025-06-28,Basic,3,3,1609.51,91.5,0
5c8972a7-64ba-4431-a18c-6c8ba11616c4,2024-03-06,2025-06-28,Premium,0,1,3836.2,84.39,0
a3505be9-2efd-4def-879d-5a34e2454840,2023-11-05,2025-06-28,Basic,1,2,3279.82,74.23,1
75142b64-4ae6-46a2-89f8-ba05a154c910,2023-12-20,2025-06-28,Premium,2,1,2763.16,16.78,1
9cc1cde8-de6f-4836-aa5d-0bd09b12be25,2024-02-25,2025-06-28,Basic,0,3,2807.88,12.04,0
15feb843-261d-49a7-b280-392787ad6393,2023-12-25,2025-06-28,Basic,2,1,5043.75,6.76,1
e12911cc-470a-447d-99bf-094eb56ba648,2024-06-14,2025-06-28,Standard,1,2,2486.24,72.4,0
c5079c0f-d3a9-489d-adc8-d9b0c1518062,2023-07-30,2025-06-28,Standard,0,4,2317.36,92.88,0
9cfcb0af-668b-419b-96e3-4be335121a04,2023-12-25,2025-06-28,Premium,2,3,3068.23,43.05,0
011228ea-cca0-447f-9b74-dc9d66b45434,2024-03-18,2025-06-28,Standard,4,4,3944.39,11.91,1
015fb2b7-b8dc-4538-a32d-e54d2794ba78,2023-08-23,2025-06-28,Premium,2,2,4822.72,51.24,0
4faae835-8eb9-4f5a-bd77-bcaf97dc452f,2024-02-12,2025-06-28,Basic,0,2,3525.89,34.88,0
01da8049-aca6-4f4b-a717-2c42d21bd1ca,2023-07-14,2025-06-28,Basic,1,3,1983.67,37.48,1
dec98f6f-6e6a-4f93-af4c-2a7d0174b577,2023-12-11,2025-06-28,Standard,0,1,4576.69,62.13,0
f2529f82-807a-457d-b4c9-fb2025f28eae,2024-04-06,2025-06-28,Premium,2,2,2984.43,71.87,0
5f9b9dfa-523a-40c1-8eaf-72076f21e5bc,2023-11-03,2025-06-28,Premium,3,4,2329.83,11.06,1
75cf90f0-2b04-4637-af48-bf20f8b3bc2d,2024-04-27,2025-06-28,Standard,4,6,2136.49,3.56,1
0acddd18-66c4-4dd1-8e4a-38b3a1172e31,2024-02-25,2025-06-28,Basic,3,4,3669.06,99.43,0
30c3841d-9b7b-4187-95dc-5d417355fb85,2024-05-14,2025-06-28,Standard,3,1,3191.06,23.27,0
7b7cbe1a-fce6-4ffa-aa25-eabcc0bf0759,2023-10-15,2025-06-28,Basic,2,4,3276.06,5.38,1
5b6a2599-8186-4928-ad45-df85d246cafb,2024-03-31,2025-06-28,Premium,0,4,4029.2,18.99,0
d233536b-17af-49ef-b2c6-b07c6cae6120,2024-04-06,2025-06-28,Premium,2,1,2358.28,3.9,0
994cd469-90b5-4e2a-ae69-daacde5353ca,2023-11-23,2025-06-28,Standard,4,5,4092.92,39.18,0
f4e0e28c-3533-4493-8768-51b3cfbe80c3,2023-07-11,2025-06-28,Standard,3,2,2584.67,80.24,0
a4bcf636-2d97-4fd0-999f-7e0a8fad2f7c,2024-04-16,2025-06-28,Standard,4,1,4731.21,34.12,1
4a7776d2-7393-4718-bb91-34aa49b42f8f,2023-11-07,2025-06-28,Basic,1,4,3478.99,44.42,0
44a7652e-70cf-4d6d-9e03-884a5e283d39,2023-07-04,2025-06-28,Premium,1,3,2263.81,67.56,0
7c7e55a5-1208-4a87-b6ff-d3720239b2dc,2023-12-05,2025-06-28,Standard,1,3,1379.67,50.89,1
31a3f4e1-06c2-4e69-b6ea-8a9d0a67e50a,2023-10-16,2025-06-28,Premium,2,6,3647.14,86.14,0
76728898-951c-4953-bb35-02a8f428a8fe,2023-12-19,2025-06-28,Basic,1,4,2700.66,86.6,0
41cb3074-49c8-42e1-94b0-c27adbb9c195,2023-12-16,2025-06-28,Premium,1,9,2875.55,0.99,1
a1b96365-5c6e-408e-9f0f-396e64fe710c,2023-12-14,2025-06-28,Basic,0,3,3612.96,77.8,0
42ca9f06-b782-43a6-92f5-2769101cfffe,2023-12-29,2025-06-28,Basic,3,2,3808.33,46.07,0
6f13b523-8f00-46f4-b003-9eafaa2fe13b,2024-04-26,2025-06-28,Premium,2,3,3978.97,98.88,0
28f956df-84b7-4a19-96db-88b002b19ca5,2024-03-02,2025-06-28,Basic,1,2,2060.13,48.32,0
acf37b30-7b15-4b0b-b9f2-61b8994d77d5,2024-01-05,2025-06-28,Basic,1,5,4140.72,98.69,0
f580dd1a-aa26-40c3-89b0-3eac3796c90c,2023-08-09,2025-06-28,Premium,2,4,2536.76,75.46,0
7f5e2996-3add-40b7-ba0c-1c2f8a28251a,2024-04-18,2025-06-28,Premium,5,3,1195.0,24.86,1
97d0de70-e419-4e4c-be31-1287bb15d340,2023-08-22,2025-06-28,Standard,0,5,2057.25,53.84,0
dcde6423-7910-4c87-93f0-c0cfd32c7f3b,2023-08-20,2025-06-28,Standard,0,3,3174.42,99.21,0
448fd2f2-56c7-4273-bc58-f736b63c13a3,2024-02-15,2025-06-28,Standard,2,1,2216.95,85.75,0
69a0293d-6fef-42c9-8b87-6bd33567401d,2023-10-07,2025-06-28,Basic,1,3,2929.56,9.74,1
f123e5b2-6edb-4c80-b4e5-9b43ed97ba01,2024-02-24,2025-06-28,Basic,2,7,3270.6,70.64,0
f0837991-5c0c-4a55-8565-672e7dbc4f0e,2024-02-22,2025-06-28,Standard,1,3,2854.89,34.56,0
3b6cb8bd-41f3-49bf-9994-cde743b21f85,2024-02-17,2025-06-28,Standard,1,2,2604.52,0.7,1
f857e064-6d8d-4248-8b2a-437671282bc9,2023-12-30,2025-06-28,Standard,2,5,1999.44,40.35,1
50e8bec1-b95b-45b8-a1c1-f92e1355e981,2023-12-03,2025-06-28,Standard,2,2,3017.56,23.48,1
6fedf2bc-7ed4-4b6f-960a-812b103682d9,2023-08-26,2025-06-28,Basic,1,4,1348.03,81.89,0
db36f362-383b-4876-8bc3-bbcedd255668,2023-10-10,2025-06-28,Standard,0,1,2451.2,33.73,0
b4bccc4c-379e-4296-a1f2-f7c911f148e9,2024-05-31,2025-06-28,Basic,1,3,2257.77,82.75,0
a7a7ebc0-2388-4fb7-8005-96439a19cabb,2023-11-12,2025-06-28,Standard,2,8,2808.5,0.06,1
f9ae6768-5c3b-4119-8f3a-0490c5bf148b,2023-10-27,2025-06-28,Standard,1,3,2829.34,30.78,0
1d93acda-3e1b-4a19-bade-dead0557208a,2023-08-09,2025-06-28,Premium,3,5,3767.97,24.12,0
3c09e818-cfde-4c70-aaa1-3457b69a56ae,2023-10-14,2025-06-28,Basic,0,6,4266.78,23.36,1
1ba9562c-7ffb-49d6-a84e-316a643d72bb,2023-09-08,2025-06-28,Basic,5,5,2105.78,6.82,0
dc4cde4d-7bc7-4573-9d19-60315d4d7937,2023-11-12,2025-06-28,Basic,0,4,4594.27,18.71,1
b1925900-29a6-4b12-a096-ea0107c530ce,2023-12-13,2025-06-28,Standard,2,3,2376.56,55.55,1
1924c8e5-86df-4996-bd7f-69e5973a30f2,2024-02-23,2025-06-28,Standard,2,4,3138.02,29.14,0
52163eaa-cc99-45b6-96b0-f68c26cd8d64,2023-07-20,2025-06-28,Basic,1,0,3408.69,41.74,0
c9ccc555-6ac7-415e-bf69-9af719c9e5da,2024-06-10,2025-06-28,Basic,3,8,4955.67,37.69,0
3ba64674-d575-46db-9a82-b361b90e8902,2024-04-28,2025-06-28,Standard,2,2,2566.17,87.59,0
8f02e846-d4f0-4eaa-9653-6242d28f6989,2023-12-26,2025-06-28,Basic,0,4,1562.61,90.53,1
ca1321c2-3370-429a-905a-ded3fb48b63f,2023-09-25,2025-06-28,Premium,2,0,4192.3,49.3,1
83dc2593-fcd0-44cb-940f-28e7ec4fe63a,2023-10-03,2025-06-28,Standard,0,1,2333.3,33.02,0
46aa8a02-a3a4-4b97-9119-fc5c3aa57a8b,2024-02-13,2025-06-28,Basic,0,7,2710.73,10.68,1
5bb1184a-4869-4a1a-a526-7867cc841d27,2024-03-29,2025-06-28,Basic,2,4,2105.8,95.34,1
b2667e92-7884-42d4-b433-aca70b81a643,2024-03-18,2025-06-28,Premium,1,5,2713.04,6.02,1
13f9978d-4cd8-4597-bd46-196ef074459d,2023-10-27,2025-06-28,Basic,3,1,2327.69,29.77,1
26985dcf-a9bc-41c4-93a3-3447a993dbfe,2023-12-12,2025-06-28,Basic,2,5,3541.15,29.81,0
af21d8c1-8eb8-4d2e-9a91-9cf8a559068f,2023-07-13,2025-06-28,Premium,3,1,3064.63,32.04,1
938d1cb2-1fb1-46ea-b468-d621e50af7e0,2024-04-26,2025-06-28,Premium,0,2,2455.16,16.43,1
0aea236f-fb45-45eb-84aa-ab91e8c935f2,2023-09-16,2025-06-28,Premium,2,1,3796.7,78.32,0
51d1e06d-f66b-453f-a479-e52959349242,2023-07-06,2025-06-28,Standard,0,4,3204.0,12.25,1
e950d0d6-efc9-4c56-8c7a-de9d930214e0,2023-08-25,2025-06-28,Basic,0,3,1523.16,63.49,1
27699670-a94c-414a-a053-509cabd08735,2024-05-01,2025-06-28,Basic,1,1,3735.76,12.38,0
eb16bec5-5cfa-41f2-8a57-047c9d1d1a55,2023-12-18,2025-06-28,Standard,1,3,3147.89,7.05,1
dd375896-0b60-4b67-8b42-7ff89c14b82a,2023-09-19,2025-06-28,Standard,1,2,4112.59,90.94,0
98b15223-5153-402a-8995-e878226867e6,2023-07-15,2025-06-28,Standard,1,2,3099.13,19.01,0
8ceaee09-0ebb-4a3b-b89b-512cc5fc2d85,2024-06-27,2025-06-28,Premium,1,1,2366.63,82.13,0
748d0c92-30cc-419c-b1cd-32066d314022,2023-11-05,2025-06-28,Basic,3,3,2836.56,54.46,0
cf844d4e-3d2f-4709-b12a-4efbbc9672b4,2024-05-14,2025-06-28,Standard,1,2,3643.14,7.79,1
b8236f50-7d92-43b6-8a87-a34877731295,2024-03-21,2025-06-28,Basic,4,3,2383.41,95.54,1
8053b83c-4ff7-4055-8dbb-26f9c428a2ca,2024-04-14,2025-06-28,Standard,1,3,2647.76,24.7,0
1a93dc2c-5042-47fd-98da-4a46f3b09bb5,2024-02-08,2025-06-28,Basic,2,5,2822.65,85.96,0
2b163cdd-e66d-4be5-9be4-08e014140c0f,2023-07-17,2025-06-28,Basic,1,6,2080.5,16.88,1
4e0b155f-fa1f-4377-90e9-88434af8ed03,2024-04-30,2025-06-28,Basic,1,3,2394.94,85.39,0
d3fe8b82-f7ac-470d-a383-4284c72618fb,2024-06-11,2025-06-28,Standard,2,5,3138.04,1.32,0
6294cf1b-99a1-4e71-a75b-1045e886341a,2024-03-24,2025-06-28,Standard,3,2,3961.98,51.18,0
3801ad25-8b6a-4add-9c42-1572a4c5211c,2024-04-08,2025-06-28,Standard,1,2,3253.72,76.94,0
d663dd7d-a532-4aac-abd4-eaf995380e9d,2023-07-26,2025-06-28,Premium,4,4,2963.31,93.48,0
f5febd79-3069-4e4f-9299-bdf06b50b852,2024-06-10,2025-06-28,Basic,1,3,2334.98,90.92,0
7d64d5fd-a2a9-4041-9002-ba1ff91a4c7d,2023-09-13,2025-06-28,Basic,1,2,3876.13,81.96,0
eb3ae124-4310-4be5-a856-9abffc7bc587,2023-11-08,2025-06-28,Premium,3,1,3346.8,88.82,1
1a6cea8a-ee2b-49a8-8b4b-54f37eaf0e99,2024-01-04,2025-06-28,Basic,1,5,2434.62,19.92,1
6c576902-24cc-4f80-b53b-e1be6e294c26,2023-07-03,2025-06-28,Premium,1,3,3718.92,28.42,1
dd878204-8de1-4d7a-a207-d6e3e39d3622,2023-10-06,2025-06-28,Basic,2,4,3447.66,28.9,1
a2ac8763-bece-490a-aaad-6ed35f28e7fa,2024-06-26,2025-06-28,Premium,1,1,2349.18,37.71,0
2b634a58-99f3-4afb-bdd7-33691437934c,2023-12-09,2025-06-28,Basic,3,3,2918.9,39.33,0
993f88ca-3526-4ba3-916d-33dfe34aac01,2024-02-06,2025-06-28,Premium,2,4,2605.78,54.46,1
c44455a8-d8d4-4119-99cf-e1aa633deb3c,2024-01-23,2025-06-28,Standard,1,2,5106.83,15.99,1
e224d6c8-fc37-4507-897a-6697aa3f178b,2024-05-12,2025-06-28,Premium,4,2,3425.4,69.12,1
144ecc61-2904-40f1-80d7-275506de9347,2024-05-30,2025-06-28,Basic,2,2,3149.41,16.76,1
1b971438-4cfd-43f0-b037-b38b550d5910,2023-09-19,2025-06-28,Standard,1,4,3378.13,31.03,0
8e016d83-40e8-4789-b5c5-8aa1ce1e5a82,2024-04-30,2025-06-28,Premium,3,5,4103.33,50.33,0
45c3aaf7-dad9-44b0-927f-8790a8a34abd,2024-02-03,2025-06-28,Standard,1,2,2933.3,79.64,0
4e756990-345b-45ce-8dfc-7fad0e82fa64,2024-01-24,2025-06-28,Standard,4,2,2528.07,73.95,1
9475e513-4d6d-4e2f-8d80-8276c6b563a0,2024-04-05,2025-06-28,Standard,0,4,3675.43,64.55,1
80963ea0-f176-43a2-b064-594e115c1e86,2024-03-27,2025-06-28,Standard,1,0,2860.04,15.58,1
d69400f3-b286-462b-af22-98e248da2716,2023-12-29,2025-06-28,Standard,0,3,2144.08,54.7,0
5dbcc2c5-5beb-49b6-a3bd-888730fb07c7,2024-04-28,2025-06-28,Standard,1,0,1988.25,8.74,0
134479a8-b1e7-4fff-9a28-9d4f96160a18,2023-09-25,2025-06-28,Premium,0,2,4223.44,37.74,0
1c405cbe-031d-4feb-b2d5-634656884518,2023-11-14,2025-06-28,Basic,0,2,3105.32,41.35,0
74c42b3e-e901-4012-99b4-5620ee515855,2023-07-01,2025-06-28,Basic,3,1,2528.35,3.98,0
1a7c08af-6ef6-4c8f-9f96-678f1bf4af88,2024-02-11,2025-06-28,Premium,1,4,2812.53,27.4,1
d21ec865-0de9-4f11-b56d-521561a2e2b7,2023-09-18,2025-06-28,Premium,1,5,3645.96,95.56,0
0481a1e5-41da-4b87-854f-23151e552ac5,2023-08-31,2025-06-28,Standard,1,1,2765.28,95.36,0
05208f94-1cbb-4b61-9ff8-2002d886e0ee,2023-09-15,2025-06-28,Standard,2,4,1840.46,35.23,1
15d481d9-0785-4488-9461-7b440afa34d7,2023-11-02,2025-06-28,Basic,0,0,3260.67,4.31,1
c57b56d4-9e39-4b15-bcb5-5f4c725328cd,2024-03-07,2025-06-28,Basic,2,6,3966.68,17.91,0
91d89e16-5e1b-459e-93d8-358f6f16f008,2024-02-06,2025-06-28,Standard,1,5,3913.17,39.22,0
9fae1ce5-167f-40c0-907c-4ea5e537ae1b,2024-03-09,2025-06-28,Basic,2,1,2552.54,94.78,1
531b28cf-3e83-4fd2-a673-f19a6ebc950c,2023-10-15,2025-06-28,Standard,0,5,4015.34,14.12,1
0526e603-df85-4fe6-b403-2390846e1d00,2024-06-06,2025-06-28,Basic,0,1,3170.36,76.35,0
c22a85f8-8e4d-4f1f-acf1-38fe046fde1d,2024-01-07,2025-06-28,Premium,1,4,3992.92,10.87,0
2994862b-6c70-46af-bd90-61afa968e91a,2023-07-16,2025-06-28,Premium,1,2,3458.95,98.13,0
